City_ID,City,Country,Max Temp,Current Description,Lat,Lng,Hotel Name
3,Atuona,PF,76.89,clear sky,-9.8,-139.0333,Villa Enata
4,Gizo,SB,84.97,broken clouds,-8.103,156.8419,
5,Brazzaville,CG,74.57,overcast clouds,-4.2658,15.2832,
6,Pemangkat,ID,85.69,scattered clouds,1.1667,108.9667,Hotel Duyung Permai 2
7,Butaritari,KI,82.27,broken clouds,3.0707,172.7902,Isles Sunset Lodge
8,Rikitea,PF,71.02,overcast clouds,-23.1203,-134.9692,
9,Grand Gaube,MU,74.37,broken clouds,-20.0064,57.6608,Veranda Paul et Virginie Hotel & Spa
10,Georgetown,MY,87.73,few clouds,5.4112,100.3354,Cititel Penang
11,Avarua,CK,77.05,scattered clouds,-21.2078,-159.775,Paradise Inn
12,Marsa Matruh,EG,67.78,clear sky,31.3525,27.2453,Beau Site
13,Victoria,HK,82.45,broken clouds,22.2855,114.1577,Mini Central
21,Hithadhoo,MV,80.33,overcast clouds,-0.6,73.0833,Scoop Guest House
22,New Norfolk,AU,65.88,clear sky,-42.7826,147.0587,The Shingles Riverside Cottages
23,Lafia,NG,74.01,overcast clouds,8.4833,8.5167,Low Cost Housing Estate
24,Saint-Philippe,RE,74.79,few clouds,-21.3585,55.7679,Le four √† pain
27,Carnarvon,AU,72.48,clear sky,-24.8667,113.6333,Hospitality Carnarvon
29,Kruisfontein,ZA,66.88,scattered clouds,-34.0033,24.7314,Oyster Bay House Rental
30,Punta Alta,AR,62.37,overcast clouds,-38.8759,-62.0736,Center Hotel Punta Alta
32,Richards Bay,ZA,72.16,broken clouds,-28.783,32.0377,BON Hotel Waterfront Richards Bay
33,Santo Amaro Da Imperatriz,BR,70.79,overcast clouds,-27.6881,-48.7786,BBS Com√©rcio de Produtos Agropecu√°rios.
34,Mount Gambier,AU,71.96,clear sky,-37.8333,140.7667,The Commodore
36,Sukumo,JP,69.71,clear sky,32.9333,132.7333,Sukumojo
37,Camacha,PT,69.22,few clouds,33.0833,-16.3333,Hotel Porto Santo & Spa
38,Misratah,LY,70.68,clear sky,32.3754,15.0925,Almasa Hotel
39,Portland,US,66.51,smoke,45.5234,-122.6762,Embassy Suites by Hilton Portland Downtown
41,Riyadh,SA,69.94,clear sky,24.6877,46.7219,"InterContinental Riyadh, an IHG Hotel"
42,Gladstone,AU,75.13,overcast clouds,-23.85,151.25,Highpoint International Hotel
45,East London,ZA,70.63,scattered clouds,-33.0153,27.9116,Tu Casa
46,San Andres,CO,84.22,few clouds,12.5847,-81.7006,Hotel Arena Blanca
47,Kapaa,US,75.18,overcast clouds,22.0752,-159.319,Sheraton Kauai Coconut Beach Resort
48,Hasaki,JP,70.29,clear sky,35.7333,140.8333,Inubosaki Kanko Hotel
49,Bathsheba,BB,81.21,scattered clouds,13.2167,-59.5167,Atlantis Hotel
50,Marawi,PH,79.11,overcast clouds,7.9986,124.2928,Derogongan Residence
54,Caucaia,BR,80.55,scattered clouds,-3.7361,-38.6531,M.O.S. Log√≠stica - Filial Fortaleza
55,Mareeba,AU,88.45,broken clouds,-17.0,145.4333,Trinity Plains Tourist Park
58,Chake Chake,TZ,75.78,broken clouds,-5.2459,39.7666,Pemba Sea View Hotel
59,Ponta Do Sol,PT,75.0,light rain,32.6667,-17.1,Hotel do Campo
60,Arraial Do Cabo,BR,71.71,overcast clouds,-22.9661,-42.0278,Pousada Porto Praia
61,Poum,NC,77.13,scattered clouds,-20.2333,164.0167,
62,Caravelas,BR,72.48,scattered clouds,-17.7125,-39.2481,Pousada dos Navegantes
66,Praia Da Vitoria,PT,61.75,overcast clouds,38.7333,-27.0667,Hotel Branco I
67,Champerico,GT,79.54,overcast clouds,14.3,-91.9167,"Hotel y restaurante ""El Diamante"""
68,Esperance,AU,66.58,broken clouds,-33.8667,121.9,Hospitality Esperance
69,Port Lincoln,AU,65.25,few clouds,-34.7333,135.8667,Port Lincoln Hotel
70,Taoudenni,ML,81.16,scattered clouds,22.6783,-3.9836,
71,Vila Velha,BR,69.94,moderate rain,-20.3297,-40.2925,Hotel Vit√≥ria Palace
73,Gamba,GA,76.21,overcast clouds,-2.65,10.0,
75,Aden,YE,83.19,clear sky,12.7794,45.0367,Sama Emirate Hotel
76,Castro,BR,60.13,overcast clouds,-24.7911,-50.0119,CHACARA BAILLY
77,Guerrero Negro,MX,72.82,clear sky,27.9769,-114.0611,"Casa Laguna, Bed & Breakfast"
79,Sassandra,CI,73.67,moderate rain,4.95,-6.0833,la terrasse
80,Santa Lucia,ES,61.92,few clouds,27.9117,-15.5407,Las Tirajanas
81,Nisia Floresta,BR,72.41,few clouds,-6.0911,-35.2086,Rancho Crepusculo
82,Bambous Virieux,MU,74.21,few clouds,-20.3428,57.7575,Casa Tia Villa
83,Puerto Ayora,EC,67.98,broken clouds,-0.7393,-90.3518,Finch Bay Galapagos Hotel
84,Sira,IN,77.45,broken clouds,13.7453,76.9092,Ghouse Pasha
87,Oyama,JP,66.51,clear sky,36.3,139.8,Toyoko Inn Oyama-eki Higashi-guchi No.1
88,Tirau,NZ,62.37,overcast clouds,-37.9833,175.75,A1 Troutfishing at Tirau
91,Asfi,MA,70.05,overcast clouds,32.2994,-9.2372,H√¥tel Abda
93,Arlit,NE,74.7,clear sky,18.7369,7.3853,Case de Passage De la Prefecture
94,Sorong,ID,84.36,broken clouds,-0.8833,131.25,Waigo Splash Hotel
96,Mahebourg,MU,74.25,few clouds,-20.4081,57.7,Shandrani Beachcomber Resort & Spa
99,Pangai,TO,78.13,overcast clouds,-19.8,-174.35,Ha'apai Beach Resort
101,Lompoc,US,71.74,clear sky,34.6391,-120.4579,"Holiday Inn Express Lompoc, an IHG Hotel"
102,Presidencia Roque Saenz Pena,AR,68.02,overcast clouds,-26.7852,-60.4388,Hotel Gualok
105,Katsuura,JP,65.71,clear sky,35.1333,140.3,Katsuura Hotel Mikazuki
107,Hobart,AU,66.27,few clouds,-42.8794,147.3294,St Ives Hobart Accommodation Tasmania
112,Canchungo,GW,73.53,scattered clouds,12.0672,-16.0333,Aparthotel Napalach
113,Sao Filipe,CV,78.22,broken clouds,14.8961,-24.4956,Hotel Xaguate
115,Agar,IN,75.85,clear sky,23.7,76.0167,Bherav Mandir
118,Kalmunai,LK,83.5,overcast clouds,7.4167,81.8167,VS Villa
122,Tonj,SS,70.83,broken clouds,7.2737,28.6822,Lakan Hotel
124,Santa Cruz,BO,73.89,scattered clouds,-17.8,-63.1667,Aviador Hotel Boutique
130,Nueva Guinea,NI,72.09,broken clouds,11.6876,-84.4562,Posadita La Reyna
131,Busselton,AU,63.68,overcast clouds,-33.65,115.3333,Observatory Guest House
133,Geraldton,AU,73.81,broken clouds,-28.7667,114.6,Broadwater Mariner Resort
135,Hervey Bay,AU,77.02,overcast clouds,-25.2986,152.8535,Shelly Bay Resort
137,Santa Maria,BR,62.44,moderate rain,-29.6842,-53.8069,Hotel Morotin
139,Souillac,MU,73.78,few clouds,-20.5167,57.5167,Shanti Maurice Resort & Spa
142,Viedma,AR,65.77,clear sky,-40.8135,-62.9967,Hotel Cristal
144,Gorontalo,ID,87.69,overcast clouds,0.5412,123.0595,Maqna Hotel by Prasanthi
145,Kijang,KR,64.11,clear sky,35.2442,129.2139,Samyang Beach Villa
146,Bubaque,GW,80.49,scattered clouds,11.2833,-15.8333,"Casa Dora, Bubaque"
147,Hilo,US,81.28,overcast clouds,19.7297,-155.09,Hilo Hawaiian Hotel
148,Bagado,CO,73.0,light rain,5.4116,-76.4152,Hotel San Jose
149,Shingu,JP,68.23,clear sky,33.7333,135.9833,Shingu UI Hotel
150,Port Elizabeth,ZA,69.1,few clouds,-33.918,25.5701,39 On Nile Guest House
151,Nsunga,TZ,62.4,overcast clouds,-1.1439,31.3947,
152,Mushabani,IN,79.47,clear sky,22.5167,86.45,"ZEE NEWS REPOTER,HOME"
153,Veraval,IN,82.67,scattered clouds,20.9,70.3667,Lords Inn Somnath
154,San Quintin,MX,72.57,scattered clouds,30.4833,-115.95,Don Eddie's Sport Fishing Center
155,Leme,BR,65.71,clear sky,-22.1856,-47.3903,Pousada Piaza
158,Namibe,AO,62.53,scattered clouds,-15.1961,12.1522,Hotel Chik Chik Namibe
159,Hobyo,SO,78.75,scattered clouds,5.3505,48.5268,Halane Hotel and Restaurent
161,Kalemie,CD,71.19,light rain,-5.9475,29.1947,Mahobilali
162,Quartz Hill,US,73.69,clear sky,34.6453,-118.2181,Boulders 1 Mobile Home Park
166,Carutapera,BR,79.02,overcast clouds,-1.195,-46.02,Lidera
168,Vanimo,PG,85.24,overcast clouds,-2.6741,141.3028,Vahmoneh Lodge Vanimo
169,Tual,ID,83.48,broken clouds,-5.6667,132.75,Grand Vilia Hotel
170,Vaini,TO,73.56,broken clouds,-21.2,-175.2,Keleti Beach Resort
171,Taltal,CL,60.13,clear sky,-25.4,-70.4833,Residencial Karime
172,Supe,PE,60.46,broken clouds,-10.8,-77.7333,Hotel Mavars
174,Shimoda,JP,64.11,clear sky,34.6667,138.95,Shimoda Tokyu Hotel
175,Tautira,PF,77.4,clear sky,-17.7333,-149.15,Pension Oaoa
177,Alice Springs,AU,80.15,clear sky,-23.7,133.8833,Desert Palms Alice Springs
181,Fukue,JP,70.16,few clouds,32.6881,128.8419,Goto Guesthouse Utojuku & SA Car Rental
182,Mpika,ZM,61.59,scattered clouds,-11.8343,31.4529,Melodies Lodge
184,Nicoya,CR,75.02,few clouds,10.1483,-85.452,Las Cabinas Del Sue√±o
186,Kerema,PG,83.64,overcast clouds,-7.9631,145.7785,Frena Lodge
187,Coahuayana,MX,77.83,overcast clouds,18.7333,-103.6833,El rranchito michuacan de ocampos
188,Tessalit,ML,76.39,broken clouds,20.1986,1.0114,
189,Camocim,BR,78.08,clear sky,-2.9022,-40.8411,Ilha Praia Hotel
190,Jagatsinghapur,IN,84.56,clear sky,20.2667,86.1667,Arun Beura & Bros..
192,Sambava,MG,71.6,broken clouds,-14.2667,50.1667,Melrose
194,Maxixe,MZ,73.22,scattered clouds,-23.8597,35.3472,Oceano
195,Shishou,CN,74.55,overcast clouds,29.7226,112.419,Chuyuan Hotel
198,Road Town,VG,82.49,clear sky,18.4167,-64.6167,"ZINGARA 76ft Catamaran, full crew-all included"
199,Jacareacanga,BR,71.73,few clouds,-6.2222,-57.7528,Casa do Ianüòé
200,Sao Joao Da Barra,BR,71.98,overcast clouds,-21.6403,-41.0511,Pousada Porto De Canoas
202,Faanui,PF,78.94,light rain,-16.4833,-151.75,Bora-Bora Pearl Beach Resort & Spa
203,Boende,CD,68.43,light rain,-0.2167,20.8667,
205,Tura,IN,81.1,scattered clouds,25.5198,90.2201,Hotel RIKMAN Continental
206,Saint George,US,70.39,clear sky,37.1041,-113.5841,Best Western Plus Abbey Inn
209,Codrington,AU,65.79,clear sky,-38.2667,141.9667,
210,Hualmay,PE,60.96,broken clouds,-11.0964,-77.6139,Hotel Villa Kitzia Huacho
213,Isangel,VU,80.71,broken clouds,-19.55,169.2667,Tanna Lodge
214,Ngunguru,NZ,63.7,broken clouds,-35.6167,174.5,Pacific Rendezvous Motel Resort
215,Mattru,SL,72.27,broken clouds,7.6244,-11.8332,"Mondkor Town, Bagbo Chiefdom, Bo District"
216,Poros,GR,65.37,clear sky,37.4994,23.4536,New Aegli Resort Hotel
218,Flinders,AU,69.19,overcast clouds,-34.5833,150.8552,Shellharbour Resort & Conference Centre
219,Waddan,LY,63.59,few clouds,29.1614,16.139,ŸÖÿ≠ŸÑ ÿßŸÑÿ¥ÿ±ŸäŸÅ ŸÖÿ≠ŸÖÿØ ÿßŸÑÿπÿßŸäÿ®
221,Saint-Pierre,RE,74.88,clear sky,-21.3393,55.4781,Alize Plage
223,Los Llanos De Aridane,ES,62.35,clear sky,28.6585,-17.9182,Valle Aridane
225,Suez,EG,66.51,clear sky,29.9737,32.5263,Green House
226,Kavieng,PG,85.68,overcast clouds,-2.5744,150.7967,Nusa Island Retreat
229,Dhidhdhoo,MV,81.0,broken clouds,6.8833,73.1,Dhidhoo beach
230,Alappuzha,IN,82.0,overcast clouds,9.49,76.3264,Panoramic Sea Resort
232,Half Moon Bay,US,76.48,clear sky,37.4636,-122.4286,"The Ritz-Carlton, Half Moon Bay"
234,Huilong,CN,66.78,clear sky,31.8111,121.655,Hilton Garden Inn Qidong
235,Patnanungan,PH,81.77,moderate rain,14.7833,122.1833,Laura Visah Transient House
237,Anaimalai,IN,79.29,scattered clouds,10.5833,76.9333,LIMRA RESIDENCY
239,Kongolo,CD,69.85,overcast clouds,-5.3833,27.0,GUEST HOUSE OASIS
241,Tomohon,ID,81.54,overcast clouds,1.3346,124.8392,Gardenia Country Inn
244,Noumea,NC,80.58,overcast clouds,-22.2763,166.4572,H√¥tel Le Lagon
247,Cabo Rojo,PR,80.73,clear sky,18.0866,-67.1457,Hotel Perichi's
248,Ribeira Grande,PT,62.78,overcast clouds,38.5167,-28.7,Quinta da Meia Eira
249,Port Alfred,ZA,68.18,broken clouds,-33.5906,26.891,The Halyards Hotel & Spa
250,Tacuarembo,UY,62.17,overcast clouds,-31.7333,-55.9833,Complejo San Fructuoso
255,San Vicente,AR,62.44,overcast clouds,-26.6167,-54.1333,Complejo Tur√≠stico Farelluk
256,Narang,PK,77.09,broken clouds,31.9132,74.5176,ŸÖÿ≥ÿ¨ÿØ ÿπŸÖÿ± ŸÅÿßÿ±ŸàŸÇ
258,Moron,AR,66.06,broken clouds,-34.6534,-58.6198,Hotel Mor√≥n
264,Buchanan,LR,74.62,moderate rain,5.8808,-10.0467,Kamaneahn Hotel Inc
265,Serra Talhada,BR,70.75,broken clouds,-7.9919,-38.2983,Pousada S√£o Luiz
266,Inyonga,TZ,71.42,overcast clouds,-6.7167,32.0667,Eden Rock Lodge
268,Adiake,CI,74.59,moderate rain,5.2863,-3.304,HOTEL COEUR D'OR
269,Maraa,BR,74.16,overcast clouds,-1.8333,-65.3667,
270,Gat,IL,69.4,scattered clouds,31.61,34.7642,OlusHome
271,Cabo San Lucas,MX,79.61,scattered clouds,22.8909,-109.9124,Hotel Tesoro Los Cabos
272,Soe,ID,85.96,broken clouds,-9.8607,124.284,Dena Hotel
275,Tabou,CI,74.46,moderate rain,4.423,-7.3528,hot√™l doufoulougou
276,Aswan,EG,74.86,clear sky,24.0934,32.907,Nuba Nile
278,Oistins,BB,80.69,scattered clouds,13.0667,-59.5333,Butterfly Beach Hotel
279,Maraba,BR,80.78,clear sky,-5.3686,-49.1178,Hotel Del Principe
280,Itarema,BR,78.22,clear sky,-2.9248,-39.9167,"Sea Lounge! Bar, Club & Restaurant"
281,Dingle,PH,85.93,heavy intensity rain,10.9995,122.6711,SEGAYA PROPERTY
283,Salalah,OM,78.89,clear sky,17.0151,54.0924,"HAMDAN PLAZA HOTEL SALALAH, an HTG Hotel"
284,Natal,BR,77.22,scattered clouds,-5.795,-35.2094,Villa Park Hotel | Natal
285,Yangjiang,CN,68.56,overcast clouds,21.85,111.9667,HUALUXE Yangjiang City Center
286,Puerto Del Rosario,ES,71.35,scattered clouds,28.5004,-13.8627,Hotel JM Puerto del Rosario
288,Salta,AR,63.57,broken clouds,-24.7859,-65.4117,Hotel Alejandro I
289,Linhares,BR,69.48,overcast clouds,-19.3911,-40.0722,Hotel Concei√ß√£o
291,Lagoa,PT,65.55,overcast clouds,39.05,-27.9833,Casa Das Faias
293,Siena,IT,63.52,broken clouds,43.2167,11.4,More Di Cuna
296,Santa Rosa,PH,89.58,light rain,14.3122,121.1114,Erlyn‚Äôs Sta Rosa City Home
297,Bahia Blanca,AR,63.18,overcast clouds,-38.7196,-62.2724,Hotel Argos
299,Tiznit,MA,73.54,scattered clouds,29.5833,-9.5,
300,Port Moresby,PG,83.03,broken clouds,-9.4431,147.1797,Lamana Hotel (Port Moresby)
301,Yulara,AU,79.92,clear sky,-25.2406,130.9889,Desert Gardens Hotel - Ayers Rock Resort
303,Alugan,PH,82.54,overcast clouds,12.2188,125.4808,JM Lodge
304,San Policarpo,PH,82.02,overcast clouds,12.1791,125.5072,Agapita M. Nicart
305,Eyl,SO,79.66,broken clouds,7.9803,49.8164,EYL AQUE SYSTEM
307,Zhangye,CN,61.77,overcast clouds,38.9342,100.4517,Zhangye Lvzhou Holiday Inn
308,Wucheng,CN,73.51,scattered clouds,29.6008,118.175,Xiuwu Restaurant
310,Adrar,MR,82.65,broken clouds,20.5022,-10.0711,
312,Umm Lajj,SA,80.85,broken clouds,25.0213,37.2685,Moon light Furnished Units
317,Quballat,TN,63.21,clear sky,36.5418,9.6633,Dar 3ezdin chalby
318,Alofi,NU,80.49,broken clouds,-19.0595,-169.9187,Taloa Heights
319,Sillanwali,PK,77.7,clear sky,31.8261,72.5398,Channanpura
321,Burnie,AU,62.94,few clouds,-41.0667,145.9167,Beachfront Voyager Motor Inn
324,Monteagudo,BO,64.85,overcast clouds,-19.8167,-63.9833,"Residencial ""OLIVIA"""
326,San Patricio,US,64.83,clear sky,28.017,-97.5169,"Motel 6 Sinton, TX"
328,Naze,JP,77.92,clear sky,28.3667,129.4833,Shishime Hotel
329,Kikwit,CD,69.51,light rain,-5.041,18.8162,HOTEL PLACE YALABA
331,Huarmey,PE,61.36,broken clouds,-10.0681,-78.1522,Hotel Miramar
336,Baikunthpur,IN,74.52,clear sky,23.25,82.55,Hotel Shree Annapurna
338,Sena Madureira,BR,76.66,scattered clouds,-9.0656,-68.6569,Hotel Central
341,Maine-Soroa,NE,78.84,clear sky,13.2114,12.0241,Complexe
342,Praia,CV,73.94,few clouds,14.9215,-23.5087,LT Aparthotel
343,Cayenne,GF,75.24,overcast clouds,4.9333,-52.3333,H√¥tel Le Dronmi
344,Torres,BR,68.83,overcast clouds,-29.3353,-49.7269,Farol Hotel
345,Airai,TL,76.48,overcast clouds,-8.9266,125.4092,
347,Pacific Grove,US,74.25,clear sky,36.6177,-121.9166,Lovers Point Inn
348,Coruripe,BR,73.0,clear sky,-10.1256,-36.1756,Pousada e Hotel Litoral Sul
349,Beira,MZ,73.49,scattered clouds,-19.8436,34.8389,Beira Terrace Hotel
353,Chifeng,CN,67.3,broken clouds,42.2683,118.9636,Junyu Tiancheng Hotel
354,Marzuq,YE,70.95,clear sky,14.4,46.4667,ÿ≠ŸäÿØ ÿßŸÑŸÇŸÅŸÑÿ©
356,Mogadishu,SO,78.24,few clouds,2.0371,45.3438,Hotel Juba
359,Potiskum,NG,74.64,few clouds,11.7091,11.0694,Tamir Hotel Ltd
360,La Asuncion,VE,82.13,clear sky,11.0333,-63.8628,Colinas de Matasiete
361,Port Blair,IN,81.99,scattered clouds,11.6667,92.75,"Welcomhotel By ITC Hotels, Port Blair - Premium Hotel Near the Airport | Idyllic Island Experience Vacation"
362,Lorengau,PG,86.32,overcast clouds,-2.0226,147.2712,Lorengau Harbourside Hotel
363,Changping,CN,60.44,overcast clouds,40.2186,116.2197,Huachang Hotel
364,Sakaiminato,JP,66.18,few clouds,35.55,133.2333,Italian pasley
366,Cruz Alta,BR,62.4,moderate rain,-28.6386,-53.6064,Hotel Linassi
368,Chokwe,MZ,69.49,clear sky,-24.5333,32.9833,Complexo Sonho Real
369,Jining,CN,67.64,overcast clouds,35.405,116.5814,Yunhe Star Hotel
370,Salgueiro,BR,72.84,broken clouds,-8.0742,-39.1192,Hotel Requinte
373,San Juan,AR,62.06,broken clouds,-31.5375,-68.5364,Hotel Provincial
375,Mahibadhoo,MV,81.14,overcast clouds,3.7833,72.9667,Omadhoo Inn
376,Tahta,EG,69.1,few clouds,26.7693,31.5021,ŸÅŸÜÿØŸÇ ÿßŸÑÿ≤Ÿäÿßÿ™
378,Dubbo,AU,69.93,light rain,-32.25,148.6167,Quality Inn Dubbo International
379,Businga,CD,70.39,overcast clouds,3.3333,20.8833,
380,Kavaratti,IN,81.05,broken clouds,10.5669,72.642,Green leaf
382,Chipinge,ZW,60.15,scattered clouds,-20.1883,32.6236,Chipinge Breeze Lodge
383,Mahon,ES,70.36,broken clouds,39.8885,4.2658,ARTIEM Capri
384,Puerto Madryn,AR,66.27,overcast clouds,-42.7692,-65.0385,Hotel Tolosa
386,Bandarbeyla,SO,79.66,light rain,9.4942,50.8122,JABIR HOTEL
387,Yaan,NG,72.91,overcast clouds,7.3833,8.5667,
391,Bogande,BF,79.36,broken clouds,12.9714,-0.1436,Auberge Wendkouni
392,Xinzhou,CN,63.63,overcast clouds,38.4092,112.7333,Shell Hotel - Xinzhou
397,Mahmudabad,IN,77.97,clear sky,27.3,81.1167,"Haider Services, Baitul Anwar"
398,Kasongo-Lunda,CD,68.54,light rain,-6.4667,16.8167,
399,Biak,ID,85.48,overcast clouds,-0.9131,122.8766,Penginapan Kim
402,Yokadouma,CM,69.03,moderate rain,3.5167,15.05,Auberge trois √©toiles
403,Camana,PE,61.05,broken clouds,-16.6228,-72.7111,Hostal Morales
404,Wuzhou,CN,81.61,overcast clouds,23.4833,111.3167,Wuzhou Hostel
407,Ahipara,NZ,61.0,scattered clouds,-35.1667,173.1667,Ahipara Holiday Park
410,Bloemfontein,ZA,60.28,clear sky,-29.1211,26.214,Protea by Marriott Hotel Bloemfontein
412,Abu Samrah,SY,61.99,clear sky,35.3029,37.1841,
416,Jibuti,DJ,74.16,clear sky,11.5,42.5,Orchid Main Camp Goubet
418,Abu Dhabi,AE,82.42,haze,24.4667,54.3667,Beach Rotana
421,Bonao,DO,73.11,few clouds,18.9369,-70.4092,"Hotel Pool City Bar & Lounge, Bonao"
422,Nouadhibou,MR,72.7,clear sky,20.931,-17.0347,El Medina
423,Longonjo,AO,65.3,overcast clouds,-12.9067,15.2533,
424,Tecoanapa,MX,76.37,overcast clouds,16.5167,-98.75,Hotel Manglares
426,Vila Franca Do Campo,PT,63.01,overcast clouds,37.7167,-25.4333,Pestana Bahia Praia
427,Xiamen,CN,80.65,clear sky,24.4798,118.0819,Xiamen Dongchen Hotel
429,Kushima,JP,71.08,clear sky,31.4583,131.2333,Hanaoka
430,Vila Do Maio,CV,74.19,broken clouds,15.1333,-23.2167,Hotel Marilu
431,Bombay,IN,85.98,haze,19.0144,72.8479,Hotel Avon Ruby-Dadar Hotels
432,Santa Marta,CO,83.89,broken clouds,11.2408,-74.199,Hotel La Ballena Azul
433,Padang,ID,82.45,overcast clouds,-0.9492,100.3543,Mercure Padang
436,Owando,CG,69.87,moderate rain,-0.4819,15.8999,Exaunel Hotel Owando
437,Maldonado,UY,61.99,overcast clouds,-34.6667,-54.9167,La Cimarrona
439,Payakumbuh,ID,83.98,overcast clouds,-0.2202,100.6308,Dalimo Homestay
442,Abeche,TD,79.11,broken clouds,13.8292,20.8324,Assaleh Hamdan Haroune
443,Umtata,ZA,64.96,clear sky,-31.5889,28.7844,LLZZ Boutique Lodge
445,Ouadda,CF,66.7,overcast clouds,8.0777,22.4007,
446,Kirakira,SB,85.06,overcast clouds,-10.4544,161.9205,SanBiz Lodge
450,Banjar,ID,86.32,light rain,-8.19,114.9675,The Hamsa Resort
451,San Rafael,AR,61.41,broken clouds,-34.6177,-68.3301,Hotel San Rafael
453,Poya,NC,74.79,broken clouds,-21.35,165.15,
454,Porto Murtinho,BR,74.46,clear sky,-21.6989,-57.8825,Hotel Pantanal
455,Sola,VU,83.07,broken clouds,-13.8833,167.55,Leumerus Bungalows
456,Ler,SS,71.31,scattered clouds,8.3018,30.1418,Leer Humanitarian Hub
460,Casino,AU,66.67,overcast clouds,-28.8667,153.05,Squatters Homestead Motel
461,Takoradi,GH,76.06,scattered clouds,4.8845,-1.7554,Raybow International Hotel
462,Angra Dos Reis,BR,70.65,scattered clouds,-23.0067,-44.3181,Mercure Angra dos Reis
466,Gushi,CN,68.4,clear sky,34.6425,109.5843,Wansheng Yuan Hotel
467,Phangnga,TH,82.44,overcast clouds,8.4509,98.5298,Sunimit Mansion
468,Araouane,ML,83.82,overcast clouds,18.9048,-3.5265,
470,Praya,CV,73.94,few clouds,14.9215,-23.5087,LT Aparthotel
474,Sabang,ID,81.0,overcast clouds,5.8933,95.3214,Hotel Citra
476,Solano,US,77.4,clear sky,38.2333,-121.9511,Westwind Inn
478,Laguna,US,75.09,clear sky,38.421,-121.4238,"Holiday Inn Express & Suites Elk Grove Central - Hwy 99, an IHG Hotel"
483,Najran,SA,61.45,clear sky,17.4924,44.1277,ŸÖÿ≠ŸÖÿØ ŸáÿßÿØŸä ÿßŸÑ ŸÅÿ∑Ÿäÿ≠
484,Zhongxing,CN,68.05,scattered clouds,33.7039,118.6792,New Century Grand Hotel Siyang
485,Sampit,ID,89.65,overcast clouds,-2.5333,112.95,Aquarius Boutique Hotel Sampit
486,Awjilah,LY,68.41,broken clouds,29.1081,21.2869,
487,Saint-Joseph,RE,73.78,clear sky,-21.3667,55.6167,"""Plantation Bed and Breakfast"
488,Rawson,AR,64.18,overcast clouds,-43.3002,-65.1023,Hosteria Sampedro
490,San Cristobal,VE,69.98,overcast clouds,7.7669,-72.225,Pirineos
491,Matara,LK,79.84,overcast clouds,5.9485,80.5353,Amaloh Boutique Resort
492,Kiri Buru,IN,78.12,clear sky,22.0833,85.35,Lucky India
495,Abu Kamal,SY,74.43,overcast clouds,34.4506,40.9171,ŸÖÿ≠ÿ∑ÿ© ÿßŸÑÿ™ŸÑŸÅÿßÿ≤
496,Sabha,LY,65.39,scattered clouds,27.0377,14.4283,ŸÖÿ≠ÿ∑ÿ© ÿßŸÖ ÿßŸÑÿßÿ±ÿßŸÜÿ® -ÿ≥ÿ®Ÿáÿß ŸÖŸàÿßÿµŸÑÿßÿ™
498,Puerto Escondido,MX,77.36,overcast clouds,15.85,-97.0667,Aldea del Bazar Hotel and Spa
499,Cidreira,BR,62.71,broken clouds,-30.1811,-50.2056,Hotel Castelo
501,Marsh Harbour,BS,77.99,overcast clouds,26.5412,-77.0636,Abaco Beach Resort
503,Mercedes,AR,64.78,light rain,-34.6515,-59.4307,Posada del Inti Centro
506,Myingyan,MM,83.73,clear sky,21.4667,95.3833,Yamethin
508,Tadine,NC,73.94,overcast clouds,-21.55,167.8833,
509,Sohag,EG,70.09,scattered clouds,26.557,31.6948,Civil Registry - Sohag 1
513,Olinda,BR,78.53,broken clouds,-8.0089,-34.8553,Flat Quatro Rodas Olinda
514,Sheopur,IN,77.74,clear sky,25.6667,76.7,Shri Ram Dharmshala
518,Dibulla,CO,76.96,scattered clouds,11.2725,-73.3091,Hospedaje Dibulla Beach
519,Itacoatiara,BR,73.89,moderate rain,-3.1431,-58.4442,BBB Rooms Centro Itacoatiara AM
520,Salinas,US,76.01,clear sky,36.6777,-121.6555,Laurel Inn & Conference Center
522,Beloha,MG,73.38,clear sky,-25.1667,45.05,
524,Luz,BR,68.63,overcast clouds,-19.8014,-45.6856,Hotel Turista
525,Batemans Bay,AU,70.11,overcast clouds,-35.7167,150.1833,Batemans Bay Marina Resort
527,Muisne,EC,74.21,overcast clouds,0.6,-80.0333,Quinta Samay
528,Alyangula,AU,85.46,broken clouds,-13.8483,136.4192,Groote Eylandt Lodge
529,Oriximina,BR,76.5,scattered clouds,-1.7656,-55.8661,Pousada Tia Am√©lia
531,Karaton,ID,81.19,light rain,-6.3424,106.1045,Parkir Mobil Wisata CAS Water Park
533,Sonipat,IN,80.6,clear sky,28.9833,77.0167,Cozette Hotel Sonipat
534,Mossendjo,CG,68.47,overcast clouds,-2.9506,12.7261,HOTEL D'ASSISE
536,Mwinilunga,ZM,61.54,scattered clouds,-11.7358,24.4293,Kwakuwahi Lodge
538,Cam Ranh,VN,82.36,broken clouds,11.9214,109.1591,OYO 598 Peony Hotel
539,Ecoporanga,BR,67.87,broken clouds,-18.3733,-40.8306,Hotel Lacerdas
541,Basco,PH,79.66,overcast clouds,20.4487,121.9702,Nathaniel's Lodge
542,Manati,PR,78.15,few clouds,18.4275,-66.4921,Manati World Point Inn
550,Ambulu,ID,83.57,overcast clouds,-8.345,113.6058,Hotel Ambulu Jember
551,Iralaya,HN,79.48,scattered clouds,15.0,-83.2333,Iglesia morava renovada
554,Yenagoa,NG,74.59,overcast clouds,4.9247,6.2642,Aridolf Resort Wellness and Spa
556,Jabinyanah,TN,64.2,clear sky,35.035,10.9081,maison belmabrouk
557,Gewane,ET,80.26,clear sky,10.1664,40.6453,·ä•·äï·ã∞·åà·äì ·åà·ãã·äî ·àû·â¥·àç
558,Dzilam Gonzalez,MX,73.04,light rain,21.2833,-88.9333,posadas
559,Ravar,IR,69.51,clear sky,31.2656,56.8055,computertik
560,Trebinje,BA,62.94,clear sky,42.7119,18.3442,Hotel Aƒáimoviƒá
563,Bantou,CN,78.73,scattered clouds,26.2151,117.4893,
564,Cortes,ES,64.45,overcast clouds,41.9395,-1.4396,Rincon de bu
568,Yeppoon,AU,73.18,light rain,-23.1333,150.7333,Villa Mar Colina
570,Gragnano,IT,67.71,clear sky,40.6956,14.5123,Hotel Stabia
571,Kaita,JP,69.35,clear sky,34.3667,132.55,Kaita Central Hotel
576,Nageshwari,BD,80.35,scattered clouds,25.9377,89.7148,Khokon Villa
577,Touros,BR,76.28,broken clouds,-5.1989,-35.4608,INN NEW HORIZON
580,Knysna,ZA,62.67,scattered clouds,-34.0363,23.0471,Protea by Marriott Hotel Knysna Quays
582,Sur,OM,85.59,broken clouds,22.5667,59.5289,Sur Plaza Hotel
584,Golaghat,IN,77.14,few clouds,26.5167,93.9667,Golaghat Gymkhana
586,Jalu,LY,69.3,broken clouds,29.0331,21.5482,ÿµÿßÿ≠ÿ®ÿ© ÿßŸÑŸÅÿÆÿßŸÖÿ©
587,Podor,MR,84.18,clear sky,16.6527,-14.9587,Auberge Du T√©krour
588,Funadhoo,MV,80.22,overcast clouds,6.15,73.2667,Dhaffalhu Tourist Lodge
589,Ixtapa,MX,79.83,scattered clouds,20.7,-105.2,hotel la terminal
590,Sanger,US,76.8,clear sky,36.708,-119.556,Townhouse Motel
591,Cockburn Town,TC,82.6,scattered clouds,21.4612,-71.1419,Osprey Beach Hotel
592,Jimeta,NG,76.32,light rain,9.2833,12.4667,Yola International Hotel
593,Ishinomaki,JP,68.0,clear sky,38.4167,141.3,Ishinomaki Grand Hotel
595,Liyang,CN,73.29,few clouds,29.7057,118.2862,Hui Boutique Hotel
596,Swan Hill,AU,71.62,moderate rain,-35.3378,143.5544,Lazy River Motor Inn
597,Bellary,IN,80.53,scattered clouds,15.15,76.9333,Hotel Pawan
599,Sabla,NG,75.76,scattered clouds,12.7525,4.7077,
600,Muriae,BR,69.93,overcast clouds,-21.1306,-42.3664,Premium Plaza Hotel
601,Kahului,US,80.62,scattered clouds,20.8947,-156.47,Maui Seaside Hotel
602,Tena,EC,69.01,overcast clouds,-0.9833,-77.8167,Hostal Tena √ëaui
603,Takahagi,JP,68.09,clear sky,36.7167,140.7167,Matsushimakan
604,Alcudia,ES,68.68,overcast clouds,39.8532,3.1214,Zafiro Tropic
605,Port Antonio,JM,82.31,broken clouds,18.18,-76.4612,The Trident Hotel
610,Tefe,BR,74.19,overcast clouds,-3.3542,-64.7114,Aracati Hotel
611,Bagotville,AU,67.05,overcast clouds,-28.9833,153.4167,Broadwater Sunrise Caravan Park
612,Cururupu,BR,76.93,broken clouds,-1.8283,-44.8683,POUSADA TRAV√âS'CIA
613,Qingquan,CN,71.65,overcast clouds,30.4511,115.2559,Caiyuan Hotel
614,Hambantota,LK,88.14,overcast clouds,6.1241,81.1185,Bungalow 63
615,Santana,BR,82.58,broken clouds,-0.0583,-51.1817,Porto Santana
617,Shangqiu,CN,69.21,broken clouds,34.45,115.65,Thank Inn Chain Hotel henan shangqiu railway station ticket shop
618,Port Macquarie,AU,66.88,light rain,-31.4333,152.9167,Rydges Port Macquarie
619,Progreso,MX,75.31,light rain,21.2833,-89.6667,Playa Linda Hotel
621,Hirara,JP,82.26,broken clouds,24.8,125.2833,Hotel Atoll Emerald Miyakojima
624,King City,US,77.47,overcast clouds,36.2127,-121.126,Days Inn by Wyndham King City
627,Broken Hill,AU,76.05,scattered clouds,-31.95,141.4333,Royal Exchange Hotel
628,Guanare,VE,72.19,few clouds,9.0418,-69.7421,Nuevo Hotel Coromoto
629,Roquetas De Mar,ES,70.61,overcast clouds,36.7642,-2.6148,Mediterr√°neo Bay Hotel and Resort
633,Caxito,AO,76.21,overcast clouds,-8.5785,13.6643,
636,Wuda,CN,62.46,overcast clouds,39.4994,106.7117,Grape Sightseeing Garden
637,Marrakesh,MA,68.07,clear sky,31.6315,-8.0083,Les Jardins de La Koutoubia
638,Vertientes,CU,74.01,broken clouds,21.2594,-78.1464,
640,Namatanai,PG,86.0,overcast clouds,-3.6667,152.4333,Seagulls Inn Namatani
646,Pizarro,CO,75.34,light rain,4.9533,-77.366,Hotel Limonar
649,Sinnai,IT,61.47,mist,39.3042,9.2036,La Rosa Dei Venti Sardinya
650,Peniche,PT,66.11,clear sky,39.3558,-9.3811,Hotel Star inn Peniche
651,Belo Oriente,BR,74.95,broken clouds,-19.22,-42.4836,Hotel Dona Fia
652,Pahrump,US,70.25,clear sky,36.2083,-115.9839,Best Western Pahrump Oasis
653,Qui Nhon,VN,81.0,overcast clouds,13.7667,109.2333,Seagull Hotel
654,Wanning,CN,77.58,overcast clouds,18.8003,110.3967,Paradise Hotel
655,Akyab,MM,84.11,clear sky,20.15,92.9,·Äü·Ä≠·ÄØ·Äê·Äö·Ä∫ ·Äô·Äî·Ä∫·Äô·Ä≠·ÄØ·Äõ·ÄÆ
656,Kiunga,PG,83.77,broken clouds,-6.1219,141.2906,Airport Lodge Kiunga
658,Ceres,US,76.05,clear sky,37.5949,-120.9577,Howard Johnson by Wyndham Modesto Ceres
659,Kudahuvadhoo,MV,81.64,overcast clouds,2.6708,72.8944,Niyama Private Islands Maldives
660,Veracruz,MX,66.81,overcast clouds,19.3333,-96.6667,El Carrizal
661,Kidal,ML,75.88,overcast clouds,18.4411,1.4078,
662,Macau,MO,84.85,few clouds,22.2006,113.5461,Grand Emperor Hotel
664,Voh,NC,76.08,broken clouds,-20.9667,164.7,Le g√Æte du Koniambo
666,Vao,NC,70.9,broken clouds,-22.6667,167.4833,Hotel Kou-Bugny
670,Paragominas,BR,72.03,scattered clouds,-2.9667,-47.4833,INOVA
671,Campoverde,PE,76.69,overcast clouds,-8.4753,-74.8058,Hospedaje Coral's
673,Lata,PT,60.08,few clouds,40.1629,-8.3327,Terra√ßos da Beira
674,Manta,EC,69.58,overcast clouds,-0.95,-80.7333,Balandra Hotel
675,Humaita,BR,73.71,light rain,-7.5061,-63.0208,Corr√™a Hotel
676,Sundargarh,IN,78.69,clear sky,22.1167,84.0333,Sankara City
678,Pinotepa Nacional,MX,71.47,overcast clouds,16.3167,-98.0167,Hotel Maria Del Carmen
680,Hurghada,EG,75.24,clear sky,27.2574,33.8129,Sea Star Beau Rivage Hotel
681,Dzaoudzi,YT,76.89,clear sky,-12.7887,45.2699,Le Rocher
682,Buraydah,SA,63.05,clear sky,26.326,43.975,M√∂venpick Qassim
684,Sattahip,TH,86.99,haze,12.6664,100.9007,Pob Choke Residences ( ‡∏û‡∏ö‡πÇ‡∏ä‡∏Ñ‡πÄ‡∏£‡∏î‡∏ã‡∏¥‡πÄ‡∏î‡πâ‡∏ô‡∏ó‡πå )
685,Lormi,IN,78.44,clear sky,22.2833,81.7333,suresh Kumar Porte
